contador_extraccion_total,contador_extraccion,titulo,marca,precio_texto,precio_valor,moneda,tamaño,calificacion,numero_opiniones,detalles_adicionales,fuente,categoria,imagen,link,pagina,fecha_extraccion,extraction_status
1,1,Televisor SAMSUNG 58 pulgadas LED Uhd4K Smart TV UN58U8000FKXZL,SAMSUNG,COP 2019900,2019900,COP,"58""",No tiene Calificacion,0,"Descripción: Lleva a casa fácil y rápido Televisor SAMSUNG 58"" pulgadas LED Uhd-4K Smart TV UN58U8000FKXZL. Encuentra la mejor garantía. Compra seguro en exito.com. Especificaciones: Tamaño de Pantalla: 58"" pulgadas. Resolución de la pantalla: Uhd-4K. Resolución: Uhd-4K. Sistema operativo: Tizen. Tipo de pantalla: LED. Tipo De pantalla: LED. Smart TV: Si. Conexión Wi-fi: Si. Bluetooth: Si. Número De Puertos HDMI: 3. Número De Puertos USB: 1. Potencia de Audio: 20W. Procesador: Crystal Processor 4K. Garantía: 1AÑO. Peso: 12 kg. Ancho: 128.057 cm. Alto: 74.009 cm. Profundidad: 7.068 cm. Modelo: UN58U8000FKXZL. Referencia: UN58U8000FKXZL",exito.com,televisores,https://exitocol.vteximg.com.br/arquivos/ids/27471667/Televisor-SAMSUNG-58-pulgadas-LED-Uhd-4K-Smart-TV-UN58U8000FKXZL-3688427_a.jpg?v=638864529664630000,https://www.exito.com/televisor-samsung-58-pulgadas-led-uhd-4k-smart-tv-un58u8000fkxzl-3209290/p,1,2025-09-25T14:57:28,OK
2,2,Televisor SAMSUNG 65 pulgadas LED Uhd4K Smart TV UN65U8000FKXZL,SAMSUNG,COP 2299900,2299900,COP,"65""",No tiene Calificacion,0,"Descripción: Lleva a casa fácil y rápido Televisor SAMSUNG 65"" pulgadas LED Uhd-4K Smart TV UN65U8000FKXZL. Encuentra la mejor garantía. Compra seguro en exito.com. Especificaciones: Tamaño de Pantalla: 65"" pulgadas. Resolución de la pantalla: Uhd-4K. Resolución: Uhd-4K. Sistema operativo: Tizen. Tipo de pantalla: LED. Tipo De pantalla: LED. Smart TV: Si. Conexión Wi-fi: Si. Bluetooth: Si. Número De Puertos HDMI: 3. Número De Puertos USB: 1. Potencia de Audio: 20W. Procesador: Crystal Processor 4K. Garantía: 1AÑO. Peso: 14.002 kg. Ancho: 144.001 cm. Alto: 83.012 cm. Profundidad: 7.068 cm. Modelo: UN65U8000FKXZL. Referencia: UN65U8000FKXZL",exito.com,televisores,https://exitocol.vteximg.com.br/arquivos/ids/28707422/Televisor-SAMSUNG-65-pulgadas-LED-Uhd-4K-Smart-TV-UN65U8000FKXZL-3707071_a.jpg?v=638850909255500000,https://www.exito.com/televisor-samsung-65-pulgadas-led-uhd-4k-smart-tv-un65u8000fkxzl-3213988/p,1,2025-09-25T14:57:29,OK
3,3,Televisor LG 60 pulgadas LED Uhd4K Smart TV 60UA7500PSA.AWC,LG,COP 1999900,1999900,COP,"60""",No tiene Calificacion,0,"Descripción: Lleva a casa fácil y rápido Televisor LG 60"" pulgadas LED Uhd-4K Smart TV 60UA7500PSA.AWC. Encuentra la mejor garantía. Compra seguro en exito.com. Especificaciones: Tamaño de Pantalla: 60"" pulgadas. Resolución de la pantalla: Uhd-4K. Resolución: Uhd-4K. Sistema operativo: WebOS. Tipo de pantalla: LED. Tipo De pantalla: LED. Smart TV: Si. Conexión Wi-fi: Si. Número De Puertos HDMI: 3. Número De Puertos USB: 1. Potencia de Audio: 20W. Garantía: 1 AÑO. Peso: 17.1 kg. Ancho: 135.6 cm. Alto: 84.7 cm. Profundidad: 26.9 cm. Modelo: 60UA7500PSA.AWC. Referencia: 60UA7500PSA.AWC",exito.com,televisores,https://exitocol.vteximg.com.br/arquivos/ids/30829433/Televisor-LG-60-pulgadas-LED-Uhd-4K-Smart-TV-60UA7500PSAAWC-3735625_a.jpg?v=638932889288170000,https://www.exito.com/televisor-lg-60-pulgadas-led-uhd-4k-smart-tv-60ua7500psaawc-3221488/p,1,2025-09-25T14:57:31,OK
4,4,Televisor KALLEY 55 pulgadas LED Uhd4K Smart TV TV55SB300 + Roku Express,KALLEY,COP 1868900,1868900,COP,"55""",No tiene Calificacion,0,"Descripción: Lleva a casa fácil y rápido Televisor KALLEY 55"" pulgadas LED Uhd-4K Smart TV TV55SB300 + Roku Express. Encuentra la mejor garantía. Compra seguro en exito.com. Especificaciones: Tamaño de Pantalla: 55"" pulgadas. Resolución de la pantalla: Uhd-4K. Resolución: Uhd-4K. Sistema operativo: Linux. Tipo de pantalla: LED. Tipo De pantalla: LED. Smart TV: Si. Conexión Wi-fi: Si. Bluetooth: Si. Número De Puertos HDMI: 3. Número De Puertos USB: 2. Potencia de Audio: 20 Watts. Procesador: NT72671D. Garantía: 24 Meses. Peso: 9.7 kg. Ancho: 27.43 cm. Alto: 77.43 cm. Profundidad: 122.6 cm. Modelo: TV55SB300 + Roku Express. Referencia: TV55SB300 + Roku Express",exito.com,televisores,https://exitocol.vteximg.com.br/arquivos/ids/27732229/Televisor-KALLEY-55-pulgadas-LED-Uhd-4K-Smart-TV-TV55SB300-Roku-Express-3712471_a.jpg?v=638841183288800000,https://www.exito.com/televisor-kalley-55-pulgadas-led-uhd-4k-smart-tv-tv55sb300-roku-express-3215156/p,1,2025-09-25T14:57:32,OK
5,5,Televisor LG 65 pulgadas LED Uhd4K Smart TV 65UA7500PSA.AWC,LG,COP 2399900,2399900,COP,"65""",No tiene Calificacion,0,"Descripción: Lleva a casa fácil y rápido Televisor LG 65"" pulgadas LED Uhd-4K Smart TV 65UA7500PSA.AWC. Encuentra la mejor garantía. Compra seguro en exito.com. Especificaciones: Tamaño de Pantalla: 65"" pulgadas. Resolución de la pantalla: Uhd-4K. Resolución: Uhd-4K. Sistema operativo: WebOS. Tipo de pantalla: LED. Tipo De pantalla: LED. Smart TV: Si. Conexión Wi-fi: Si. Bluetooth: Si. Número De Puertos HDMI: 3. Número De Puertos USB: 1. Potencia de Audio: 20W. Garantía: 1 AÑO. Peso: 16.7 kg. Ancho: 145.5 cm. Alto: 90.4 cm. Profundidad: 26.9 cm. Modelo: 65UA7500PSA.AWC. Referencia: 65UA7500PSA.AWC",exito.com,televisores,https://exitocol.vteximg.com.br/arquivos/ids/30829331/Televisor-LG-65-pulgadas-LED-Uhd-4K-Smart-TV-65UA7500PSAAWC-3704967_a.jpg?v=638932888977000000,https://www.exito.com/televisor-lg-65-pulgadas-led-uhd-4k-smart-tv-65ua7500psaawc-3213208/p,1,2025-09-25T14:57:34,OK
6,6,Televisor HISENSE 65 pulgadas LED Uhd4K Smart TV 65A6NV,HISENSE,COP 1949900,1949900,COP,"65""",No tiene Calificacion,0,"Descripción: Lleva a casa fácil y rápido Televisor HISENSE 65"" pulgadas LED Uhd-4K Smart TV 65A6NV. Encuentra la mejor garantía. Compra seguro en exito.com. Especificaciones: Tamaño de Pantalla: 65"" pulgadas. Resolución de la pantalla: Uhd-4K. Resolución: Uhd-4K. Sistema operativo: Vidaa. Tipo de pantalla: LED. Tipo De pantalla: LED. Smart TV: Si. Número De Puertos HDMI: 3. Número De Puertos USB: 2. Potencia de Audio: 24W. Garantía: 1 AÑO. Peso: 15 kg. Ancho: 1450.999 cm. Alto: 860 cm. Profundidad: 74 cm. Modelo: 65A6NV. Referencia: 65A6NV",exito.com,televisores,https://exitocol.vteximg.com.br/arquivos/ids/30946249/Televisor-HISENSE-65-pulgadas-LED-Uhd-4K-Smart-TV-65A6NV-3685430_a.jpg?v=638938903589830000,https://www.exito.com/televisor-hisense-65-pulgadas-led-uhd-4k-smart-tv-65a6nv-3208350/p,1,2025-09-25T14:57:35,OK
7,7,Televisor HISENSE 58 pulgadas LED Uhd4K Smart TV 58A6NV,HISENSE,COP 1599900,1599900,COP,"58""",No tiene Calificacion,0,"Descripción: Lleva a casa fácil y rápido Televisor HISENSE 58"" pulgadas LED Uhd-4K Smart TV 58A6NV. Encuentra la mejor garantía. Compra seguro en exito.com. Especificaciones: Tamaño de Pantalla: 58"" pulgadas. Resolución de la pantalla: Uhd-4K. Resolución: Uhd-4K. Sistema operativo: Vidaa. Tipo de pantalla: LED. Tipo De pantalla: LED. Smart TV: Si. Número De Puertos HDMI: 3. Número De Puertos USB: 2. Potencia de Audio: 24W. Garantía: 1 AÑO. Peso: 12 kg. Ancho: 1295 cm. Alto: 752 cm. Profundidad: 70 cm. Modelo: 58A6NV. Referencia: 58A6NV",exito.com,televisores,https://exitocol.vteximg.com.br/arquivos/ids/30946241/Televisor-HISENSE-58-pulgadas-LED-Uhd-4K-Smart-TV-58A6NV-3685429_a.jpg?v=638938903555970000,https://www.exito.com/televisor-hisense-58-pulgadas-led-uhd-4k-smart-tv-58a6nv-3208349/p,1,2025-09-25T14:57:36,OK
8,8,Televisor KALLEY 40 pulgadas LED Fhd Smart TV Roku TV,KALLEY,COP 987900,987900,COP,"40""",5.0,1,"Descripción: Lleva a casa fácil y rápido Televisor KALLEY 40"" pulgadas LED Fhd Smart TV Roku TV. Encuentra la mejor garantía. Compra seguro en exito.com. Especificaciones: Tamaño de Pantalla: 40"" pulgadas. Resolución de la pantalla: Fhd. Resolución: Fhd. Sistema operativo: Roku TV. Tipo de pantalla: LED. Tipo De pantalla: LED. Smart TV: Si. Conexión Wi-fi: Si. Número De Puertos HDMI: 3. Número De Puertos USB: 1. Potencia de Audio: 16 Watts RMS (2 x 8 W). Procesador: R816SA. Garantía: 24 MESES. Peso: 5.6 kg. Ancho: 21.19 cm. Alto: 50.89 cm. Profundidad: 89.24 cm. Modelo: Roku TV. Referencia: K-RTV40FHD",exito.com,televisores,https://exitocol.vteximg.com.br/arquivos/ids/29176307/Televisor-KALLEY-40-Pulgadas-LED-Fhd-Smart-TV-Roku-TV-3620439_a.jpg?v=638883826730170000,https://www.exito.com/televisor-kalley-40-pulgadas-led-fhd-smart-tv-roku-tv-3190175/p,1,2025-09-25T14:57:38,OK
9,9,Televisor Samsung 55 Pulgadas Smarttv 4K Uhd Un55cu7000kxzl Negro,SAMSUNG,COP 1839900,1839900,COP,"55""",5.0,1,"Descripción: Lleva a casa fácil y rápido Televisor Samsung 55 Pulgadas Smarttv 4K Uhd Un55cu7000kxzl Negro. Encuentra aquí calidad y garantía. Compra seguro en Éxito.. Especificaciones: Vendido por: Otros vendedores. Factor Neto PUM: 10,0. Unidad de Medida PUM Calculado: Unidad. Factor Escurrido PUM: 1",exito.com,televisores,https://exitocol.vteximg.com.br/arquivos/ids/29447563/televisor-samsung-55-pulgadas-smarttv-4k-uhd-un55cu7000kxzl-negro.jpg?v=638895739227870000,https://www.exito.com/televisor-samsung-55-pulgadas-led-ultra-hd-4k-smart-tv-un55du7000/p,1,2025-09-25T14:57:39,OK
10,10,Televisor LG 55 pulgadas QNED Uhd4K Smart TV 55QNED70ASA.AWC,LG,COP 2199900,2199900,COP,"55""",No tiene Calificacion,0,"Descripción: Lleva a casa fácil y rápido Televisor LG 55"" pulgadas QNED Uhd-4K Smart TV 55QNED70ASA.AWC. Encuentra la mejor garantía. Compra seguro en exito.com. Especificaciones: Tamaño de Pantalla: 55"" pulgadas. Resolución de la pantalla: Uhd-4K. Resolución: Uhd-4K. Sistema operativo: WebOS. Tipo de pantalla: QNED. Tipo De pantalla: QNED. Smart TV: Si. Conexión Wi-fi: Si. Número De Puertos HDMI: 3. Número De Puertos USB: 1. Potencia de Audio: 20W. Garantía: 1 AÑO. Peso: 11.6 kg. Ancho: 123.6 cm. Alto: 77.2 cm. Profundidad: 23.5 cm. Modelo: 55QNED70ASA.AWC. Referencia: 55QNED70ASA.AWC",exito.com,televisores,https://exitocol.vteximg.com.br/arquivos/ids/30829455/Televisor-LG-55-pulgadas-QNED-Uhd-4K-Smart-TV-55QNED70ASAAWC-3735627_a.jpg?v=638932889355500000,https://www.exito.com/televisor-lg-55-pulgadas-qned-uhd-4k-smart-tv-55qned70asaawc-3221490/p,1,2025-09-25T14:57:41,OK
11,11,Televisor SAMSUNG 75 pulgadas QLED Uhd4K Smart TV QN75Q6FAAKXZL,SAMSUNG,COP 4150900,4150900,COP,"75""",No tiene Calificacion,0,"Descripción: Lleva a casa fácil y rápido Televisor SAMSUNG 75"" pulgadas QLED Uhd-4K Smart TV QN75Q6FAAKXZL. Encuentra la mejor garantía. Compra seguro en exito.com. Especificaciones: Tamaño de Pantalla: 75"" pulgadas. Resolución de la pantalla: Uhd-4K. Resolución: Uhd-4K. Sistema operativo: Tizen. Tipo de pantalla: QLED. Tipo De pantalla: QLED. Smart TV: Si. Conexión Wi-fi: Si. Bluetooth: Si. Número De Puertos HDMI: 3. Número De Puertos USB: 1. Potencia de Audio: 20W. Procesador: Quantum HDR. Garantía: 1AÑO. Peso: 22.4 kg. Ancho: 166.081 cm. Alto: 95.078 cm. Profundidad: 7.007 cm. Modelo: QN75Q6FAAKXZL. Referencia: QN75Q6FAAKXZL",exito.com,televisores,https://exitocol.vteximg.com.br/arquivos/ids/29791947/Televisor-SAMSUNG-75-pulgadas-QLED-Uhd-4K-Smart-TV-QN75Q6FAAKXZL-3719220_a.jpg?v=638917313025330000,https://www.exito.com/televisor-samsung-75-pulgadas-qled-uhd-4k-smart-tv-qn75q6faakxzl-3217117/p,1,2025-09-25T14:57:41,OK
12,12,Televisor TCL 43 pulgadas QLED Fhd Smart TV 43S5K,TCL,COP 959900,959900,COP,"43""",No tiene Calificacion,0,"Descripción: Lleva a casa fácil y rápido Televisor TCL 43"" pulgadas QLED Fhd Smart TV 43S5K. Encuentra la mejor garantía. Compra seguro en exito.com. Especificaciones: Tamaño de Pantalla: 43"" pulgadas. Resolución de la pantalla: Fhd. Resolución: Fhd. Sistema operativo: Google TV. Tipo de pantalla: QLED. Tipo De pantalla: QLED. Smart TV: Si. Conexión Wi-fi: Si. Bluetooth: Si. Número De Puertos HDMI: 2. Número De Puertos USB: 1. Potencia de Audio: 20W. Procesador: MT9221. Garantía: 2 Años. Peso: 5.02 kg. Ancho: 95.4 cm. Alto: 55.4 cm. Profundidad: 7.7 cm. Modelo: 43S5K. Referencia: 43S5K",exito.com,televisores,https://exitocol.vteximg.com.br/arquivos/ids/29720430/Televisor-TCL-43-pulgadas-LED-Fhd-Smart-TV-43S5K-3712996_a.jpg?v=638912063371500000,https://www.exito.com/televisor-tcl-43-pulgadas-led-fhd-smart-tv-43s5k-3215487/p,1,2025-09-25T14:57:41,OK
13,13,Televisor  CAIXUN 32 pulgadas LED Hd Smart TV C32VAHW,CAIXUN,COP 579900,579900,COP,"32""",No tiene Calificacion,0,"Descripción: Lleva a casa fácil y rápido Televisor CAIXUN 32"" pulgadas LED Hd Smart TV C32VAHW. Encuentra la mejor garantía. Compra seguro en exito.com. Especificaciones: Tamaño de Pantalla: 32"" pulgadas. Resolución de la pantalla: Hd. Resolución: Hd. Sistema operativo: WebOS. Tipo de pantalla: LED. Tipo De pantalla: LED. Smart TV: Si. Conexión Wi-fi: Si. Bluetooth: Si. Número De Puertos HDMI: 3. Número De Puertos USB: 2. Potencia de Audio: 8 Watts x 2 CH. Procesador: ARM CA53 Quad Core. Garantía: 2 AÑOS. Peso: 3.35 kg. Ancho: 71.92 cm. Alto: 48.43 cm. Profundidad: 20.79 cm. Modelo: C32VAHW. Referencia: C32VAHW",exito.com,televisores,https://exitocol.vteximg.com.br/arquivos/ids/27705418/Televisor-CAIXUN-32-pulgadas-LED-Hd-Smart-TV-C32VAHW-3711903_a.jpg?v=638839602169500000,https://www.exito.com/televisor-caixun-32-pulgadas-led-hd-smart-tv-c32vahw-3215007/p,1,2025-09-25T14:57:41,OK
14,14,Televisor SAMSUNG 55 pulgadas QLED Uhd4K Smart TV QN55Q7FAAKXZL,SAMSUNG,COP 2593900,2593900,COP,"55""",No tiene Calificacion,0,"Descripción: Lleva a casa fácil y rápido Televisor SAMSUNG 55"" pulgadas QLED Uhd-4K Smart TV QN55Q7FAAKXZL. Encuentra la mejor garantía. Compra seguro en exito.com. Especificaciones: Tamaño de Pantalla: 55"" pulgadas. Resolución de la pantalla: Uhd-4K. Resolución: Uhd-4K. Sistema operativo: Tizen. Tipo de pantalla: QLED. Tipo De pantalla: QLED. Smart TV: Si. Conexión Wi-fi: Si. Bluetooth: Si. Número De Puertos HDMI: 3. Número De Puertos USB: 1. Potencia de Audio: 20W. Procesador: Quantum HDR. Garantía: 1AÑO. Peso: 10.008 kg. Ancho: 123.041 cm. Alto: 71.008 cm. Profundidad: 6.003 cm. Modelo: QN55Q7FAAKXZL. Referencia: QN55Q7FAAKXZL",exito.com,televisores,https://exitocol.vteximg.com.br/arquivos/ids/30799779/Televisor-SAMSUNG-55-pulgadas-QLED-Uhd-4K-Smart-TV-QN55Q7FAAKXZL-3706370_a.jpg?v=638932022702200000,https://www.exito.com/televisor-samsung-55-pulgadas-qled-uhd-4k-smart-tv-qn55q7faakxzl-3213824/p,1,2025-09-25T14:57:41,OK
15,15,Televisor SAMSUNG 65 pulgadas QLED Uhd4K Smart TV QN65Q7FAAKXZL,SAMSUNG,COP 2985500,2985500,COP,"65""",No tiene Calificacion,0,"Descripción: Lleva a casa fácil y rápido Televisor SAMSUNG 65"" pulgadas QLED Uhd-4K Smart TV QN65Q7FAAKXZL. Encuentra la mejor garantía. Compra seguro en exito.com. Especificaciones: Tamaño de Pantalla: 65"" pulgadas. Resolución de la pantalla: Uhd-4K. Resolución: Uhd-4K. Sistema operativo: Tizen. Tipo de pantalla: QLED. Tipo De pantalla: QLED. Smart TV: Si. Conexión Wi-fi: Si. Bluetooth: Si. Número De Puertos HDMI: 3. Número De Puertos USB: 1. Potencia de Audio: 20W. Procesador: Quantum HDR. Garantía: 1AÑO. Peso: 16.7 kg. Ancho: 145.029 cm. Alto: 83.004 cm. Profundidad: 6.006 cm. Modelo: QN65Q7FAAKXZL. Referencia: QN65Q7FAAKXZL",exito.com,televisores,https://exitocol.vteximg.com.br/arquivos/ids/30799747/Televisor-SAMSUNG-65-pulgadas-QLED-Uhd-4K-Smart-TV-QN65Q7FAAKXZL-3688430_a.jpg?v=638932022630900000,https://www.exito.com/televisor-samsung-65-pulgadas-qled-uhd-4k-smart-tv-qn65q7faakxzl-3209293/p,1,2025-09-25T14:57:41,OK
16,16,Televisor SAMSUNG 50 pulgadas LED Uhd4K Smart TV UN50U8000FKXZL,SAMSUNG,COP 1548900,1548900,COP,"50""",No tiene Calificacion,0,"Descripción: Lleva a casa fácil y rápido Televisor SAMSUNG 50"" pulgadas LED Uhd-4K Smart TV UN50U8000FKXZL. Encuentra la mejor garantía. Compra seguro en exito.com. Especificaciones: Tamaño de Pantalla: 50"" pulgadas. Resolución de la pantalla: Uhd-4K. Resolución: Uhd-4K. Sistema operativo: Tizen. Tipo de pantalla: LED. Tipo De pantalla: LED. Smart TV: Si. Conexión Wi-fi: Si. Bluetooth: Si. Número De Puertos HDMI: 3. Número De Puertos USB: 1. Potencia de Audio: 20W. Procesador: Crystal Processor 4K. Garantía: 1AÑO. Peso: 8 kg. Ancho: 111.008 cm. Alto: 64.038 cm. Profundidad: 7.064 cm. Modelo: UN50U8000FKXZL. Referencia: UN50U8000FKXZL",exito.com,televisores,https://exitocol.vteximg.com.br/arquivos/ids/29688650/Televisor-SAMSUNG-50-pulgadas-LED-Uhd-4K-Smart-TV-UN50U8000FKXZL-3688426_a.jpg?v=638908727038130000,https://www.exito.com/televisor-samsung-50-pulgadas-led-uhd-4k-smart-tv-un50u8000fkxzl-3209289/p,1,2025-09-25T14:57:41,OK
17,17,Televisor HYUNDAI 58 pulgadas QLED Uhd4K Smart TV HYLED5813QG,HYUNDAI,COP 1769900,1769900,COP,"58""",No tiene Calificacion,0,"Descripción: Lleva a casa fácil y rápido Televisor HYUNDAI 58"" pulgadas QLED Uhd-4K Smart TV HYLED5813QG. Encuentra la mejor garantía. Compra seguro en exito.com. Especificaciones: Tamaño de Pantalla: 58"" pulgadas. Resolución de la pantalla: Uhd-4K. Resolución: Uhd-4K. Sistema operativo: Google TV. Tipo de pantalla: QLED. Tipo De pantalla: QLED. Smart TV: Si. Conexión Wi-fi: Si. Bluetooth: Si. Número De Puertos HDMI: 4. Número De Puertos USB: 2. Potencia de Audio: 10 Watts. Procesador: ARM CA55 Quad Core. Garantía: 1 AÑO. Peso: 13.2 kg. Ancho: 129.3 cm. Alto: 80.7 cm. Profundidad: 26.5 cm. Modelo: HYLED5813QG. Referencia: HYLED5813QG",exito.com,televisores,https://exitocol.vteximg.com.br/arquivos/ids/28991545/Televisor-HYUNDAI-58-pulgadas-QLED-Uhd-4K-Smart-TV-HYLED5813QG-3686209_a.jpg?v=638870616542000000,https://www.exito.com/televisor-hyundai-58-pulgadas-qled-uhd-4k-smart-tv-hyled5813qg-3208592/p,1,2025-09-25T14:57:41,OK
18,18,Televisor HISENSE 55 pulgadas QLED Uhd4K Smart TV 55Q6QV,HISENSE,COP 1699900,1699900,COP,"55""",No tiene Calificacion,0,"Descripción: Lleva a casa fácil y rápido Televisor HISENSE 55"" pulgadas QLED Uhd-4K Smart TV 55Q6QV. Encuentra la mejor garantía. Compra seguro en exito.com. Especificaciones: Tamaño de Pantalla: 55"" pulgadas. Resolución de la pantalla: Uhd-4K. Resolución: Uhd-4K. Sistema operativo: Vidaa. Tipo de pantalla: QLED. Tipo De pantalla: QLED. Smart TV: Si. Número De Puertos HDMI: 3. Número De Puertos USB: 2. Potencia de Audio: 24W. Garantía: 2 AÑOS. Peso: 9 kg. Ancho: 1234 cm. Alto: 715 cm. Profundidad: 73 cm. Modelo: 55Q6QV. Referencia: 55Q6QV",exito.com,televisores,https://exitocol.vteximg.com.br/arquivos/ids/30946281/Televisor-HISENSE-55-pulgadas-QLED-Uhd-4K-Smart-TV-55Q6QV-3685434_a.jpg?v=638938903730500000,https://www.exito.com/televisor-hisense-55-pulgadas-qled-uhd-4k-smart-tv-55q6qv-3208354/p,1,2025-09-25T14:57:41,OK
19,19,Televisor HISENSE 43 pulgadas LED Fhd Smart TV 43A4NV,HISENSE,COP 919900,919900,COP,"43""",No tiene Calificacion,0,"Descripción: Lleva a casa fácil y rápido Televisor HISENSE 43"" pulgadas LED Fhd Smart TV 43A4NV. Encuentra la mejor garantía. Compra seguro en exito.com. Especificaciones: Tamaño de Pantalla: 43"" pulgadas. Resolución de la pantalla: Fhd. Resolución: Fhd. Sistema operativo: Vidaa. Tipo de pantalla: LED. Tipo De pantalla: LED. Smart TV: Si. Número De Puertos HDMI: 2. Número De Puertos USB: 1. Potencia de Audio: 20W. Garantía: 1 AÑO. Peso: 7.9 kg. Ancho: 960 cm. Alto: 559 cm. Profundidad: 77 cm. Modelo: 43A4NV. Referencia: 43A4NV",exito.com,televisores,https://exitocol.vteximg.com.br/arquivos/ids/30946233/Televisor-HISENSE-43-pulgadas-LED-Hd-Smart-TV-43A4NV-3685426_a.jpg?v=638938903519270000,https://www.exito.com/televisor-hisense-43-pulgadas-led-hd-smart-tv-43a4nv-3208346/p,1,2025-09-25T14:57:41,OK
20,20,Televisor HISENSE 50 pulgadas QLED Uhd4K Smart TV 50Q6QV,HISENSE,COP 1399900,1399900,COP,"50""",No tiene Calificacion,0,"Descripción: Lleva a casa fácil y rápido Televisor HISENSE 50"" pulgadas QLED Uhd-4K Smart TV 50Q6QV. Encuentra la mejor garantía. Compra seguro en exito.com. Especificaciones: Tamaño de Pantalla: 50"" pulgadas. Resolución de la pantalla: Uhd-4K. Resolución: Uhd-4K. Sistema operativo: Vidaa. Tipo de pantalla: QLED. Tipo De pantalla: QLED. Smart TV: Si. Número De Puertos HDMI: 3. Número De Puertos USB: 2. Potencia de Audio: 24W. Garantía: 2 AÑOS. Peso: 9 kg. Ancho: 112 cm. Alto: 65 cm. Profundidad: 8 cm. Modelo: 50Q6QV. Referencia: 50Q6QV",exito.com,televisores,https://exitocol.vteximg.com.br/arquivos/ids/30946225/Televisor-HISENSE-50-pulgadas-QLED-Uhd-4K-Smart-TV-50Q6QV-3682011_a.jpg?v=638938903484430000,https://www.exito.com/televisor-hisense-50-pulgadas-qled-uhd-4k-smart-tv-50q6qv-3207481/p,1,2025-09-25T14:57:41,OK
21,21,Televisor HYUNDAI 43 pulgadas LED Fhd Smart TV HYLED4325RIM,HYUNDAI,COP 989900,989900,COP,"43""",No tiene Calificacion,0,"Descripción: Lleva a casa fácil y rápido Televisor HYUNDAI 43"" pulgadas LED Fhd Smart TV HYLED4325RIM. Encuentra la mejor garantía. Compra seguro en exito.com. Especificaciones: Tamaño de Pantalla: 43"" pulgadas. Resolución de la pantalla: Fhd. Resolución: Fhd. Sistema operativo: Roku TV. Tipo de pantalla: LED. Tipo De pantalla: LED. Smart TV: Si. Conexión Wi-fi: Si. Número De Puertos HDMI: 3. Número De Puertos USB: 1. Potencia de Audio: 6 Watts. Procesador: Quad core ARM cortex A35. Garantía: 1 AÑO. Peso: 6.1 kg. Ancho: 95.6 cm. Alto: 60.9 cm. Profundidad: 22.3 cm. Modelo: HYLED4325RIM. Referencia: HYLED4325RIM",exito.com,televisores,https://exitocol.vteximg.com.br/arquivos/ids/29199234/Televisor-HYUNDAI-43-Pulgadas-LED-Fhd-Smart-TV-HYLED4325RIM-3649831_a.jpg?v=638887222059230000,https://www.exito.com/televisor-hyundai-43-pulgadas-led-fhd-smart-tv-hyled4325rim-3200158/p,1,2025-09-25T14:57:41,OK
22,22,Televisor TCL 55 pulgadas LED Uhd4K Smart TV 55P655,TCL,COP 1922078,1922078,COP,"55""",No tiene Calificacion,0,"Descripción: Lleva a casa fácil y rápido Televisor TCL 55"" pulgadas LED Uhd-4K Smart TV 55P655. Encuentra la mejor garantía. Compra seguro en exito.com. Especificaciones: Tamaño de Pantalla: 55"" pulgadas. Resolución de la pantalla: Uhd-4K. Resolución: Uhd-4K. Sistema operativo: Google TV. Tipo de pantalla: LED. Tipo De pantalla: LED. Smart TV: Si. Conexión Wi-fi: Si. Bluetooth: Si. Número De Puertos HDMI: 3. Número De Puertos USB: 1. Potencia de Audio: 20W. Procesador: RT51A Platform. Garantía: 2 Años. Peso: 9.2 kg. Ancho: 122.6 cm. Alto: 7.1 cm. Profundidad: 7.2 cm. Modelo: 55P655. Referencia: 55P655",exito.com,televisores,https://exitocol.vteximg.com.br/arquivos/ids/29720398/Televisor-TCL-55-pulgadas-LED-Uhd-4K-Smart-TV-55P655-3648121_a.jpg?v=638912063234370000,https://www.exito.com/televisor-tcl-55-pulgadas-led-uhd-4k-smart-tv-55p655-3199656/p,1,2025-09-25T14:57:41,OK
23,23,Televisor HISENSE 50 pulgadas LED Uhd4K Smart TV 50A6N,HISENSE,COP 1439999,1439999,COP,"50""",No tiene Calificacion,0,"Descripción: Lleva a casa fácil y rápido Televisor HISENSE 50"" pulgadas LED Uhd-4K Smart TV 50A6N. Encuentra la mejor garantía. Compra seguro en exito.com. Especificaciones: Tamaño de Pantalla: 50"" pulgadas. Resolución de la pantalla: Uhd-4K. Resolución: Uhd-4K. Sistema operativo: Vidaa. Tipo de pantalla: LED. Tipo De pantalla: LED. Smart TV: Si. Conexión Wi-fi: Si. Bluetooth: Si. Número De Puertos HDMI: 3. Número De Puertos USB: 2. Potencia de Audio: 16 W. Garantía: 2 años. Peso: 10 kg. Ancho: 111.9 cm. Alto: 70.2 cm. Profundidad: 27.4 cm. Modelo: 50A6N. Referencia: 50A6N",exito.com,televisores,https://exitocol.vteximg.com.br/arquivos/ids/29175630/Televisor-HISENSE-50-Pulgadas-LED-Uhd-4K-Smart-TV-50A6N-3537911_a.jpg?v=638883824652870000,https://www.exito.com/televisor-hisense-50-pulgadas-led-uhd-4k-smart-tv-50a6n-3161943/p,1,2025-09-25T14:57:41,OK
24,24,Televisor HISENSE 43 pulgadas LED Uhd4K Smart TV 43A6N,HISENSE,COP 1099900,1099900,COP,"43""",No tiene Calificacion,0,"Descripción: Lleva a casa fácil y rápido Televisor HISENSE 43"" pulgadas LED Uhd-4K Smart TV 43A6N. Encuentra la mejor garantía. Compra seguro en exito.com. Especificaciones: Tamaño de Pantalla: 43"" pulgadas. Resolución de la pantalla: Uhd-4K. Resolución: Uhd-4K. Sistema operativo: Vidaa. Tipo de pantalla: LED. Tipo De pantalla: LED. Smart TV: Si. Conexión Wi-fi: Si. Bluetooth: Si. Número De Puertos HDMI: 3. Número De Puertos USB: 2. Potencia de Audio: 16 W. Garantía: 2 años. Peso: 6.9 kg. Ancho: 96.3 cm. Alto: 60.8 cm. Profundidad: 22.2 cm. Modelo: 43A6N. Referencia: 43A6N",exito.com,televisores,https://exitocol.vteximg.com.br/arquivos/ids/29175622/Televisor-HISENSE-43-Pulgadas-LED-Uhd-4K-Smart-TV-43A6N-3537910_a.jpg?v=638883824616730000,https://www.exito.com/televisor-hisense-43-pulgadas-led-uhd-4k-smart-tv-43a6n-3161942/p,1,2025-09-25T14:57:41,OK
25,25,Televisor  CAIXUN 50 pulgadas LED Uhd4K Smart TV C50VAUG,CAIXUN,COP 1299900,1299900,COP,"50""",No tiene Calificacion,0,"Descripción: Lleva a casa fácil y rápido Televisor CAIXUN 50"" pulgadas LED Uhd-4K Smart TV C50VAUG. Encuentra la mejor garantía. Compra seguro en exito.com. Especificaciones: Tamaño de Pantalla: 50"" pulgadas. Resolución de la pantalla: Uhd-4K. Resolución: Uhd-4K. Sistema operativo: Google TV. Tipo de pantalla: LED. Tipo De pantalla: LED. Smart TV: Si. Conexión Wi-fi: Si. Bluetooth: Si. Número De Puertos HDMI: 4. Número De Puertos USB: 2. Potencia de Audio: 10 Watts x 2 CH. Procesador: ARM CA53 Quad Core. Garantía: 2 AÑOS. Peso: 9.1 kg. Ancho: 112.35 cm. Alto: 64.9 cm. Profundidad: 7.73 cm. Modelo: C50VAUG. Referencia: C50VAUG",exito.com,televisores,https://exitocol.vteximg.com.br/arquivos/ids/27120203/Televisor-CAIXUN-50-Pulgadas-LED-Uhd-4K-Smart-TV-LED-2023-3417748_a.jpg?v=638821335935600000,https://www.exito.com/televisor-caixun-50-pulgadas-led-uhd-4k-smart-tv-led-2023-3131838/p,1,2025-09-25T14:57:41,OK
26,26,Televisor SAMSUNG 40 pulgadas LED Fhd Smart TV UN40T5290,SAMSUNG,COP 859808,859808,COP,"40""",No tiene Calificacion,0,"Descripción: Lleva a casa fácil y rápido Televisor SAMSUNG 40"" pulgadas LED Fhd Smart TV UN40T5290. Encuentra la mejor garantía. Compra seguro en exito.com. Especificaciones: Tamaño de Pantalla: 40"" pulgadas. Resolución de la pantalla: Fhd. Resolución: Fhd. Sistema operativo: Tizen. Tipo de pantalla: LED. Tipo De pantalla: LED. Smart TV: Si. Conexión Wi-fi: Si. Número De Puertos HDMI: 2. Número De Puertos USB: 1. Garantía: 1 año.. Modelo: UN40T5290. Referencia: UN40T5290AKXZL. Rango Tamaño de Pantalla: 40 a 43 Pulgadas. IVA: 19",exito.com,televisores,https://exitocol.vteximg.com.br/arquivos/ids/27117616/Tv-Led-101-Cm-40-Fhd-Smart-SAMSUNG-40-Pulgadas-Smart-Tv-UN40T5290AKXZL-3041953_a.jpg?v=638939266470070000,https://www.exito.com/tv-led-101-cm-40-fhd-smart-samsung-40-pulgadas-smart-tv-un40t5290akxzl-3024337/p,1,2025-09-25T14:57:41,OK
27,27,Televisor Samsung 43 Pulgadas Led Uhd4k Smart Tv Un43du7000kxzl,SAMSUNG,COP 1349900,1349900,COP,"43""",No tiene Calificacion,0,"Descripción: Lleva a casa fácil y rápido Televisor Samsung 43 Pulgadas Led Uhd4k Smart Tv Un43du7000kxzl. Encuentra aquí calidad y garantía. Compra seguro en Éxito.. Especificaciones: Vendido por: Otros vendedores. Factor Neto PUM: 10,0. Unidad de Medida PUM Calculado: Unidad. Factor Escurrido PUM: 1",exito.com,televisores,https://exitocol.vteximg.com.br/arquivos/ids/29447570/televisor-samsung-43-pulgadas-led-uhd4k-smart-tv-un43du7000kxzl.jpg?v=638895746295670000,https://www.exito.com/televisor-samsung-43-pulgadas-led-uhd4k-smart-tv-un43du7000kxzl-103274529-mp/p,1,2025-09-25T14:57:41,OK
28,28,Televisor Lg 43 Pulgadas Led Full Hd Smart Tv 43Lm6370pdb,LG,COP 1161900,1161900,COP,"43""",No tiene Calificacion,0,"Descripción: Lleva a casa fácil y rápido Televisor Lg 43 Pulgadas Led Full Hd Smart Tv 43Lm6370pdb. Encuentra aquí calidad y garantía. Compra seguro en Éxito.. Especificaciones: Vendido por: Otros vendedores. Factor Neto PUM: 1,0. Unidad de Medida PUM Calculado: Unidad. Factor Escurrido PUM: 1",exito.com,televisores,https://exitocol.vteximg.com.br/arquivos/ids/29480558/televisor-lg-43-pulgadas-led-full-hd-smart-tv-43lm6370pdb.jpg?v=638895074446030000,https://www.exito.com/televisor-lg-43-pulgadas-109-cm-led-full-hd-plano-smart-tv-101542779-mp/p,1,2025-09-25T14:57:41,OK
29,29,Televisor LG 75 pulgadas LED Uhd4K Smart TV 75UA8000PSB.AWC,LG,COP 3299900,3299900,COP,"75""",No tiene Calificacion,0,"Descripción: Lleva a casa fácil y rápido Televisor LG 75"" pulgadas LED Uhd-4K Smart TV 75UA8000PSB.AWC. Encuentra la mejor garantía. Compra seguro en exito.com. Especificaciones: Tamaño de Pantalla: 75"" pulgadas. Resolución de la pantalla: Uhd-4K. Resolución: Uhd-4K. Sistema operativo: WebOS. Tipo de pantalla: LED. Tipo De pantalla: LED. Smart TV: Si. Conexión Wi-fi: Si. Número De Puertos HDMI: 3. Número De Puertos USB: 2. Potencia de Audio: 20W. Garantía: 1 AÑO. Peso: 31.8 kg. Ancho: 167.8 cm. Alto: 102.7 cm. Profundidad: 36.1 cm. Modelo: 75UA8000PSB.AWC. Referencia: 75UA8000PSB.AWC",exito.com,televisores,https://exitocol.vteximg.com.br/arquivos/ids/30829444/Televisor-LG-75-pulgadas-OLED-Uhd-4K-Smart-TV-75UA8000PSBAWC-3735626_a.jpg?v=638932889317030000,https://www.exito.com/televisor-lg-75-pulgadas-oled-uhd-4k-smart-tv-75ua8000psbawc-3221489/p,1,2025-09-25T14:57:41,OK
30,30,Televisor HYUNDAI 65 pulgadas LED Uhd4K Smart TV HYLED6512G,HYUNDAI,COP 2159900,2159900,COP,"65""",No tiene Calificacion,0,"Descripción: Lleva a casa fácil y rápido Televisor HYUNDAI 65"" pulgadas LED Uhd-4K Smart TV HYLED6512G. Encuentra la mejor garantía. Compra seguro en exito.com. Especificaciones: Tamaño de Pantalla: 65"" pulgadas. Resolución de la pantalla: Uhd-4K. Resolución: Uhd-4K. Sistema operativo: Google TV. Tipo de pantalla: LED. Tipo De pantalla: LED. Smart TV: Si. Conexión Wi-fi: Si. Bluetooth: Si. Número De Puertos HDMI: 4. Número De Puertos USB: 2. Potencia de Audio: 10 Watts. Procesador: ARM CA55 Quad Core. Garantía: 1 AÑO. Peso: 14.55 kg. Ancho: 144.6 cm. Alto: 89 cm. Profundidad: 30 cm. Modelo: HYLED6512G. Referencia: HYLED6512G",exito.com,televisores,https://exitocol.vteximg.com.br/arquivos/ids/27492900/Televisor-HYUNDAI-65-pulgadas-LED-Uhd-4K-Smart-TV-HYLED6512G-3705408_a.jpg?v=638823318887430000,https://www.exito.com/televisor-hyundai-65-pulgadas-led-uhd-4k-smart-tv-hyled6512g-3213359/p,1,2025-09-25T14:57:41,OK
31,31,Televisor LG 50 pulgadas LED Uhd4K Smart TV 50UA7300PSB.AWCQ,LG,COP 1799900,1799900,COP,"50""",No tiene Calificacion,0,"Descripción: Lleva a casa fácil y rápido Televisor LG 50"" pulgadas LED Uhd-4K Smart TV 50UA7300PSB.AWCQ. Encuentra la mejor garantía. Compra seguro en exito.com. Especificaciones: Tamaño de Pantalla: 50"" pulgadas. Resolución de la pantalla: Uhd-4K. Resolución: Uhd-4K. Sistema operativo: WebOS. Tipo de pantalla: LED. Tipo De pantalla: LED. Smart TV: Si. Conexión Wi-fi: Si. Bluetooth: Si. Número De Puertos HDMI: 3. Número De Puertos USB: 2. Potencia de Audio: 20W. Garantía: 1 AÑO. Peso: 8.5 kg. Ancho: 111.1 cm. Alto: 70 cm. Profundidad: 27.5 cm. Modelo: 50UA7300PSB.AWCQ. Referencia: 50UA7300PSB.AWCQ",exito.com,televisores,https://exitocol.vteximg.com.br/arquivos/ids/30829292/Televisor-LG-50-pulgadas-LED-Uhd-4K-Smart-TV-50UA7300PSBAWCQ-3704972_a.jpg?v=638932888861670000,https://www.exito.com/televisor-lg-50-pulgadas-led-uhd-4k-smart-tv-50ua7300psbawcq-3213213/p,1,2025-09-25T14:57:41,OK
32,32,Televisor LG 65 pulgadas LED Uhd4K Smart TV 65UA7300PSB.AWCQ,LG,COP 2399900,2399900,COP,"65""",No tiene Calificacion,0,"Descripción: Lleva a casa fácil y rápido Televisor LG 65"" pulgadas LED Uhd-4K Smart TV 65UA7300PSB.AWCQ. Encuentra la mejor garantía. Compra seguro en exito.com. Especificaciones: Tamaño de Pantalla: 65"" pulgadas. Resolución de la pantalla: Uhd-4K. Resolución: Uhd-4K. Sistema operativo: WebOS. Tipo de pantalla: LED. Tipo De pantalla: LED. Smart TV: Si. Conexión Wi-fi: Si. Bluetooth: Si. Número De Puertos HDMI: 3. Número De Puertos USB: 2. Potencia de Audio: 20W. Garantía: 1 AÑO. Peso: 14.7 kg. Ancho: 144.6 cm. Alto: 89.4 cm. Profundidad: 30.9 cm. Modelo: 65UA7300PSB.AWCQ. Referencia: 65UA7300PSB.AWCQ",exito.com,televisores,https://exitocol.vteximg.com.br/arquivos/ids/30829324/Televisor-LG-65-pulgadas-LED-Uhd-4K-Smart-TV-65UA7300PSBAWCQ-3704968_a.jpg?v=638932888954030000,https://www.exito.com/televisor-lg-65-pulgadas-led-uhd-4k-smart-tv-65ua7300psbawcq-3213209/p,1,2025-09-25T14:57:41,OK
33,33,Televisor KALLEY 60 pulgadas LED Uhd4K Smart TV 60G300,KALLEY,COP 1699900,1699900,COP,"60""",No tiene Calificacion,0,"Descripción: Lleva a casa fácil y rápido Televisor KALLEY 60"" pulgadas LED Uhd-4K Smart TV 60G300. Encuentra la mejor garantía. Compra seguro en exito.com. Especificaciones: Tamaño de Pantalla: 60"" pulgadas. Resolución de la pantalla: Uhd-4K. Resolución: Uhd-4K. Sistema operativo: Google TV. Tipo de pantalla: LED. Tipo De pantalla: LED. Smart TV: Si. Conexión Wi-fi: Si. Bluetooth: Si. Número De Puertos HDMI: 3. Número De Puertos USB: 2. Potencia de Audio: 24 Watts. Procesador: MTK9602. Garantía: 24 meses. Peso: 12.1 kg. Ancho: 27.17 cm. Alto: 87.36 cm. Profundidad: 134.54 cm. Modelo: 60G300. Referencia: 60G300",exito.com,televisores,https://exitocol.vteximg.com.br/arquivos/ids/27168633/Televisor-KALLEY-60-pulgadas-LED-Uhd-4K-Smart-TV-60G300-3688539_a.jpg?v=638791975442130000,https://www.exito.com/televisor-kalley-60-pulgadas-led-uhd-4k-smart-tv-60g300-3209338/p,1,2025-09-25T14:57:41,OK
34,34,Televisor HISENSE 65 pulgadas QLED Uhd4K Smart TV 65Q6QV,HISENSE,COP 2399900,2399900,COP,"65""",No tiene Calificacion,0,"Descripción: Lleva a casa fácil y rápido Televisor HISENSE 65"" pulgadas QLED Uhd-4K Smart TV 65Q6QV. Encuentra la mejor garantía. Compra seguro en exito.com. Especificaciones: Tamaño de Pantalla: 65"" pulgadas. Resolución de la pantalla: Uhd-4K. Resolución: Uhd-4K. Sistema operativo: Vidaa. Tipo de pantalla: QLED. Tipo De pantalla: QLED. Smart TV: Si. Número De Puertos HDMI: 3. Número De Puertos USB: 2. Potencia de Audio: 24W. Garantía: 2 AÑOS. Peso: 13 kg. Ancho: 1450.999 cm. Alto: 860 cm. Profundidad: 74 cm. Modelo: 65Q6QV. Referencia: 65Q6QV",exito.com,televisores,https://exitocol.vteximg.com.br/arquivos/ids/30946289/Televisor-HISENSE-65-pulgadas-QLED-Uhd-4K-Smart-TV-65Q6QV-3685435_a.jpg?v=638938903763870000,https://www.exito.com/televisor-hisense-65-pulgadas-qled-uhd-4k-smart-tv-65q6qv-3208355/p,1,2025-09-25T14:57:41,OK
35,35,Televisor HISENSE 75 pulgadas LED Uhd4K Smart TV 75A6NV,HISENSE,COP 2999900,2999900,COP,"75""",No tiene Calificacion,0,"Descripción: Lleva a casa fácil y rápido Televisor HISENSE 75"" pulgadas LED Uhd-4K Smart TV 75A6NV. Encuentra la mejor garantía. Compra seguro en exito.com. Especificaciones: Tamaño de Pantalla: 75"" pulgadas. Resolución de la pantalla: Uhd-4K. Resolución: Uhd-4K. Sistema operativo: Vidaa. Tipo de pantalla: LED. Tipo De pantalla: LED. Smart TV: Si. Número De Puertos HDMI: 3. Número De Puertos USB: 2. Potencia de Audio: 36W. Garantía: 1 AÑO. Peso: 18 kg. Ancho: 1676 cm. Alto: 964 cm. Profundidad: 79 cm. Modelo: 75A6NV. Referencia: 75A6NV",exito.com,televisores,https://exitocol.vteximg.com.br/arquivos/ids/30946265/Televisor-HISENSE-75-pulgadas-LED-Uhd-4K-Smart-TV-75A6NV-3685432_a.jpg?v=638938903656170000,https://www.exito.com/televisor-hisense-75-pulgadas-led-uhd-4k-smart-tv-75a6nv-3208352/p,1,2025-09-25T14:57:41,OK
36,36,Televisor KALLEY 40 pulgadas LED Fhd Smart TV 40G200 FHD,KALLEY,COP 799000,799000,COP,"40""",No tiene Calificacion,0,"Descripción: Lleva a casa fácil y rápido Televisor KALLEY 40"" pulgadas LED Fhd Smart TV 40G200 FHD. Encuentra la mejor garantía. Compra seguro en exito.com. Especificaciones: Tamaño de Pantalla: 40"" pulgadas. Resolución de la pantalla: Fhd. Resolución: Fhd. Sistema operativo: Google TV. Tipo de pantalla: LED. Tipo De pantalla: LED. Smart TV: Si. Conexión Wi-fi: Si. Bluetooth: Si. Número De Puertos HDMI: 2. Número De Puertos USB: 1. Potencia de Audio: 2×10 Watts. Procesador: RT2841A. Garantía: 24 MESES. Peso: 4.8 kg. Ancho: 21.19 cm. Alto: 55.67 cm. Profundidad: 89.24 cm. Modelo: 40G200 FHD. Referencia: 40G200 FHD",exito.com,televisores,https://exitocol.vteximg.com.br/arquivos/ids/27121482/Televisor-KALLEY-40-pulgadas-LED-Fhd-Smart-TV-40G200-FHD-3673735_a.jpg?v=638786912517030000,https://www.exito.com/televisor-kalley-40-pulgadas-led-fhd-smart-tv-40g200-fhd-3205520/p,1,2025-09-25T14:57:41,OK
37,37,Televisor CHALLENGER 43 pulgadas LED Fhd Smart TV 43KG84,CHALLENGER,COP 989900,989900,COP,"43""",No tiene Calificacion,0,"Descripción: Lleva a casa fácil y rápido Televisor CHALLENGER 43"" pulgadas LED Fhd Smart TV 43KG84. Encuentra la mejor garantía. Compra seguro en exito.com. Especificaciones: Tamaño de Pantalla: 43"" pulgadas. Resolución de la pantalla: Fhd. Resolución: Fhd. Sistema operativo: Google TV. Tipo de pantalla: LED. Tipo De pantalla: LED. Smart TV: Si. Conexión Wi-fi: Si. Bluetooth: Si. Número De Puertos HDMI: 2. Número De Puertos USB: 2. Potencia de Audio: 6W X 2. Garantía: 1 AÑO. Peso: 6.2 kg. Ancho: 96.2 cm. Alto: 61.3 cm. Profundidad: 23 cm. Modelo: 43KG84. Referencia: 43KG84",exito.com,televisores,https://exitocol.vteximg.com.br/arquivos/ids/27121458/Televisor-CHALLENGER-43-Pulgadas-LED-Fhd-Smart-TV-43KG84-3666365_a.jpg?v=638793185609200000,https://www.exito.com/televisor-challenger-43-pulgadas-led-fhd-smart-tv-43kg84-3203758/p,1,2025-09-25T14:57:41,OK
38,38,Televisor HYUNDAI 50 pulgadas LED Uhd4K Smart TV HYLED5023R4KM,HYUNDAI,COP 1259900,1259900,COP,"50""",No tiene Calificacion,0,"Descripción: Lleva a casa fácil y rápido Televisor HYUNDAI 50"" pulgadas LED Uhd-4K Smart TV HYLED5023R4KM. Encuentra la mejor garantía. Compra seguro en exito.com. Especificaciones: Tamaño de Pantalla: 50"" pulgadas. Resolución de la pantalla: Uhd-4K. Resolución: Uhd-4K. Sistema operativo: Roku TV. Tipo de pantalla: LED. Tipo De pantalla: LED. Smart TV: Si. Conexión Wi-fi: Si. Bluetooth: Si. Número De Puertos HDMI: 3. Número De Puertos USB: 2. Potencia de Audio: 8W - 12W. Procesador: Cortex-A55 *4 @ 1.89GHz. Garantía: 1 AÑO. Peso: 9.2 kg. Ancho: 111 cm. Alto: 69.7 cm. Profundidad: 27.8 cm. Modelo: HYLED5023R4KM. Referencia: HYLED5023R4KM",exito.com,televisores,https://exitocol.vteximg.com.br/arquivos/ids/28991312/Televisor-HYUNDAI-50-pulgadas-LED-Uhd-4K-Smart-TV-HYLED5023R4KM-3649832_a.jpg?v=638870610157530000,https://www.exito.com/televisor-hyundai-50-pulgadas-led-uhd-4k-smart-tv-hyled5023r4km-3200159/p,1,2025-09-25T14:57:41,OK
39,39,Televisor CHALLENGER 40 pulgadas LED Fhd Smart TV 40KG84,CHALLENGER,COP 915900,915900,COP,"40""",No tiene Calificacion,0,"Descripción: Lleva a casa fácil y rápido Televisor CHALLENGER 40"" pulgadas LED Fhd Smart TV 40KG84. Encuentra la mejor garantía. Compra seguro en exito.com. Especificaciones: Tamaño de Pantalla: 40"" pulgadas. Resolución de la pantalla: Fhd. Resolución: Fhd. Sistema operativo: Google TV. Tipo de pantalla: LED. Tipo De pantalla: LED. Smart TV: Si. Conexión Wi-fi: Si. Bluetooth: Si. Número De Puertos HDMI: 2. Número De Puertos USB: 2. Potencia de Audio: 6W X 2. Garantía: 1 AÑO. Peso: 5.6 kg. Ancho: 89.1 cm. Alto: 57.5 cm. Profundidad: 20 cm. Modelo: 40KG84. Referencia: 40KG84",exito.com,televisores,https://exitocol.vteximg.com.br/arquivos/ids/29182404/Televisor-CHALLENGER-40-Pulgadas-LED-Fhd-Smart-TV-40KG84-3623121_a.jpg?v=638883885963270000,https://www.exito.com/televisor-challenger-40-pulgadas-led-fhd-smart-tv-40kg84-3191239/p,1,2025-09-25T14:57:41,OK
40,40,Televisor CHALLENGER 55 pulgadas LED Uhd4K Smart TV UHD55BO67,CHALLENGER,COP 1515900,1515900,COP,"55""",No tiene Calificacion,0,"Descripción: Lleva a casa fácil y rápido Televisor CHALLENGER 55"" pulgadas LED Uhd-4K Smart TV UHD55BO67. Encuentra la mejor garantía. Compra seguro en exito.com. Especificaciones: Tamaño de Pantalla: 55"" pulgadas. Resolución de la pantalla: Uhd-4K. Resolución: Uhd-4K. Sistema operativo: Google TV. Tipo de pantalla: LED. Tipo De pantalla: LED. Smart TV: Si. Conexión Wi-fi: Si. Bluetooth: Si. Número De Puertos HDMI: 3. Número De Puertos USB: 2. Potencia de Audio: 10W X 2. Garantía: 1 AÑO. Peso: 10.2 kg. Ancho: 122.6 cm. Alto: 76.4 cm. Profundidad: 26.7 cm. Modelo: UHD55BO67. Referencia: UHD55BO67",exito.com,televisores,https://exitocol.vteximg.com.br/arquivos/ids/27121355/Televisor-CHALLENGER-55-Pulgadas-LED-Uhd-4K-Smart-TV-UHD55BO67-3611755_a.jpg?v=638793187207230000,https://www.exito.com/televisor-challenger-55-pulgadas-led-uhd-4k-smart-tv-uhd55bo67-3187578/p,1,2025-09-25T14:57:41,OK
41,41,Televisor SAMSUNG 50 pulgadas LED Uhd4K Smart TV UN50DU7000KXZL,SAMSUNG,COP 1775400,1775400,COP,"50""",No tiene Calificacion,0,"Descripción: Lleva a casa fácil y rápido Televisor SAMSUNG 50"" pulgadas LED Uhd-4K Smart TV UN50DU7000KXZL. Encuentra la mejor garantía. Compra seguro en exito.com. Especificaciones: Tamaño de Pantalla: 50"" pulgadas. Resolución de la pantalla: Uhd-4K. Resolución: Uhd-4K. Sistema operativo: Tizen. Tipo de pantalla: LED. Tipo De pantalla: LED. Smart TV: Si. Conexión Wi-fi: Si. Bluetooth: Si. Número De Puertos HDMI: 3. Número De Puertos USB: 1. Potencia de Audio: 20 W. Procesador: Crystal Processor 4K. Garantía: 1 AÑO. Peso: 14.2 kg. Ancho: 76 cm. Alto: 127 cm. Profundidad: 15.4 cm. Modelo: UN50DU7000KXZL. Referencia: UN50DU7000KXZL",exito.com,televisores,https://exitocol.vteximg.com.br/arquivos/ids/29103021/TV-LED-50-127CM-UHD-4K-SAMSUNG-50-Pulgadas-LED-Uhd-4K-Smart-TV-UN50DU7000KXZL-3569033_a.jpg?v=638881227753000000,https://www.exito.com/tv-led-50-127cm-uhd-4k-samsung-50-pulgadas-led-uhd-4k-smart-tv-un50du7000kxzl-3176625/p,1,2025-09-25T14:57:41,OK
42,42,Televisor SAMSUNG 43 pulgadas LED Uhd4K Smart TV UN43DU7000KXZL,SAMSUNG,COP 1599900,1599900,COP,"43""",No tiene Calificacion,0,"Descripción: Lleva a casa fácil y rápido Televisor SAMSUNG 43"" pulgadas LED Uhd-4K Smart TV UN43DU7000KXZL. Encuentra la mejor garantía. Compra seguro en exito.com. Especificaciones: Tamaño de Pantalla: 43"" pulgadas. Resolución de la pantalla: Uhd-4K. Resolución: Uhd-4K. Sistema operativo: Tizen. Tipo de pantalla: LED. Tipo De pantalla: LED. Smart TV: Si. Conexión Wi-fi: Si. Bluetooth: Si. Número De Puertos HDMI: 3. Número De Puertos USB: 1. Potencia de Audio: 20 W. Procesador: Crystal Processor 4K. Garantía: 1 AÑO. Peso: 10.5 kg. Ancho: 66.5 cm. Alto: 109 cm. Profundidad: 14.7 cm. Modelo: UN43DU7000KXZL. Referencia: UN43DU7000KXZL",exito.com,televisores,https://exitocol.vteximg.com.br/arquivos/ids/27121116/TV-LED-43-109-CM-UHD-4K-SAMSUNG-43-Pulgadas-LED-Uhd-4K-Smart-TV-UN43DU7000KXZL-3569032_a.jpg?v=638786910347830000,https://www.exito.com/tv-led-43-109-cm-uhd-4k-samsung-43-pulgadas-led-uhd-4k-smart-tv-un43du7000kxzl-3176624/p,1,2025-09-25T14:57:41,OK
43,43,Televisor SAMSUNG 75 pulgadas QLED Uhd4K Smart TV QN75Q60DAKXZL,SAMSUNG,COP 4779500,4779500,COP,"75""",No tiene Calificacion,0,"Descripción: Lleva a casa fácil y rápido Televisor SAMSUNG 75"" pulgadas QLED Uhd-4K Smart TV QN75Q60DAKXZL. Encuentra la mejor garantía. Compra seguro en exito.com. Especificaciones: Tamaño de Pantalla: 75"" pulgadas. Resolución de la pantalla: Uhd-4K. Resolución: Uhd-4K. Sistema operativo: Tizen. Tipo de pantalla: QLED. Tipo De pantalla: QLED. Smart TV: Si. Conexión Wi-fi: Si. Bluetooth: Si. Número De Puertos HDMI: 3. Número De Puertos USB: 2. Potencia de Audio: 20W. Procesador: Quantum Processor Lite 4K. Garantía: 1 AÑO. Peso: 32 kg. Ancho: 167.6 cm. Alto: 99.7 cm. Profundidad: 32 cm. Modelo: QN75Q60DAKXZL. Referencia: QN75Q60DAKXZL",exito.com,televisores,https://exitocol.vteximg.com.br/arquivos/ids/29175870/Televisor-SAMSUNG-75-Pulgadas-LED-Uhd-4K-Smart-TV-QN75Q60DAKXZL-3538994_a.jpg?v=638883825332500000,https://www.exito.com/televisor-samsung-75-pulgadas-led-uhd-4k-smart-tv-qn75q60dakxzl-3162453/p,1,2025-09-25T14:57:41,OK
44,44,Televisor CAIXUN 55 pulgadas LED Uhd4K Smart TV C55VAUG,CAIXUN,COP 1881900,1881900,COP,"55""",No tiene Calificacion,0,"Descripción: Lleva a casa fácil y rápido Televisor CAIXUN 55"" pulgadas LED Uhd-4K Smart TV C55VAUG. Encuentra la mejor garantía. Compra seguro en exito.com. Especificaciones: Tamaño de Pantalla: 55"" pulgadas. Resolución de la pantalla: Uhd-4K. Resolución: Uhd-4K. Sistema operativo: Google TV. Tipo de pantalla: LED. Tipo De pantalla: LED. Smart TV: Si. Conexión Wi-fi: Si. Bluetooth: Si. Número De Puertos HDMI: 4. Número De Puertos USB: 2. Potencia de Audio: 10 Watts x 2 CH. Garantía: 2 AÑOS. Peso: 11.5 kg. Ancho: 124 cm. Alto: 71.6 cm. Profundidad: 8.2 cm. Modelo: C55VAUG. Referencia: C55VAUG",exito.com,televisores,https://exitocol.vteximg.com.br/arquivos/ids/27120538/Televisor-CAIXUN-55-Pulgadas-LED-Uhd-4K-Smart-TV-C55VAUG-3526596_a.jpg?v=638821335417300000,https://www.exito.com/televisor-caixun-55-pulgadas-led-uhd-4k-smart-tv-c55vaug-3158883/p,1,2025-09-25T14:57:41,OK
45,45,Televisor  CAIXUN 65 pulgadas LED Uhd4K Smart TV C65VAUG,CAIXUN,COP 2409900,2409900,COP,"65""",No tiene Calificacion,0,"Descripción: Lleva a casa fácil y rápido Televisor CAIXUN 65"" pulgadas LED Uhd-4K Smart TV C65VAUG. Encuentra la mejor garantía. Compra seguro en exito.com. Especificaciones: Tamaño de Pantalla: 65"" pulgadas. Resolución de la pantalla: Uhd-4K. Resolución: Uhd-4K. Sistema operativo: Google TV. Tipo de pantalla: LED. Tipo De pantalla: LED. Smart TV: Si. Conexión Wi-fi: Si. Bluetooth: Si. Número De Puertos HDMI: 4. Número De Puertos USB: 2. Potencia de Audio: 12 Watts x 2 CH. Procesador: ARM CA53 Quad Core. Garantía: 2 AÑOS. Peso: 16.7 kg. Ancho: 144.59 cm. Alto: 89.18 cm. Profundidad: 26.72 cm. Modelo: C65VAUG. Referencia: C65VAUG",exito.com,televisores,https://exitocol.vteximg.com.br/arquivos/ids/27120209/Televisor-CAIXUN-65-Pulgadas-LED-Uhd-4K-Smart-TV-LED-2023-3417749_a.jpg?v=638821335674170000,https://www.exito.com/televisor-caixun-65-pulgadas-led-uhd-4k-smart-tv-led-2023-3131839/p,1,2025-09-25T14:57:41,OK
46,46,Televisor  CAIXUN 43 pulgadas LED Uhd4K Smart TV C43VAUG,CAIXUN,COP 979900,979900,COP,"43""",No tiene Calificacion,0,"Descripción: Lleva a casa fácil y rápido Televisor CAIXUN 43"" pulgadas LED Uhd-4K Smart TV C43VAUG. Encuentra la mejor garantía. Compra seguro en exito.com. Especificaciones: Tamaño de Pantalla: 43"" pulgadas. Resolución de la pantalla: Uhd-4K. Resolución: Uhd-4K. Sistema operativo: Google TV. Tipo de pantalla: LED. Tipo De pantalla: LED. Smart TV: Si. Conexión Wi-fi: Si. Bluetooth: Si. Número De Puertos HDMI: 4. Número De Puertos USB: 2. Potencia de Audio: 8 Watts x 2 CH. Procesador: ARM CA53 Quad Core. Garantía: 2 AÑOS. Peso: 6.5 kg. Ancho: 97.014 cm. Alto: 56.39 cm. Profundidad: 9.1 cm. Modelo: C43VAUG. Referencia: C43VAUG",exito.com,televisores,https://exitocol.vteximg.com.br/arquivos/ids/27120197/Televisor-CAIXUN-43-Pulgadas-LED-Uhd-4K-Smart-TV-LED-2023-3417747_a.jpg?v=638786905925530000,https://www.exito.com/televisor-caixun-43-pulgadas-led-uhd-4k-smart-tv-led-2023-3131837/p,1,2025-09-25T14:57:41,OK
47,47,Televisor FINLANDEK 32 pulgadas LED Hd Smart TV FILED3201IV,FINLANDEK,COP 569900,569900,COP,"32""",No tiene Calificacion,0,"Descripción: Lleva a casa fácil y rápido Televisor FINLANDEK 32"" pulgadas LED Hd Smart TV FILED3201IV. Encuentra la mejor garantía. Compra seguro en exito.com. Especificaciones: Tamaño de Pantalla: 32"" pulgadas. Resolución de la pantalla: Hd. Resolución: Hd. Sistema operativo: Vidaa. Tipo de pantalla: LED. Tipo De pantalla: LED. Smart TV: Si. Conexión Wi-fi: Si. Bluetooth: Si. Número De Puertos HDMI: 3. Número De Puertos USB: 2. Potencia de Audio: 6W x 2. Procesador: MT9602. Garantía: 18 meses. Peso: 4.7 kg. Ancho: 47.24 cm. Alto: 17.05 cm. Profundidad: 72.1 cm. Modelo: FILED3201IV. Referencia: FILED3201IV",exito.com,televisores,https://exitocol.vteximg.com.br/arquivos/ids/27120035/Televisor-FINLANDEK-34-Pulgadas-LED-Hd-Smart-TV-FILED3201IV-3404473_a.jpg?v=638786905137800000,https://www.exito.com/televisor-finlandek-34-pulgadas-led-hd-smart-tv-filed3201iv-3127802/p,1,2025-09-25T14:57:41,OK
48,48,Televisor SAMSUNG 43 pulgadas LED Uhd4K Smart TV UN43CU7000KXZL,SAMSUNG,COP 1445990,1445990,COP,"43""",No tiene Calificacion,0,"Descripción: Lleva a casa fácil y rápido Televisor SAMSUNG 43"" pulgadas LED Uhd-4K Smart TV UN43CU7000KXZL. Encuentra la mejor garantía. Compra seguro en exito.com. Especificaciones: Tamaño de Pantalla: 43"" pulgadas. Resolución de la pantalla: Uhd-4K. Resolución: Uhd-4K. Sistema operativo: Tizen. Tipo de pantalla: LED. Tipo De pantalla: LED. Smart TV: Si. Conexión Wi-fi: Si. Bluetooth: Si. Número De Puertos HDMI: 3. Número De Puertos USB: 1. Potencia de Audio: 20 W. Procesador: Crystal Processor 4K. Garantía: 1 Año. Peso: 7.9 kg. Ancho: 96.4 cm. Alto: 62.7 cm. Profundidad: 19.2 cm. Modelo: UN43CU7000KXZL. Referencia: UN43CU7000KXZL",exito.com,televisores,https://exitocol.vteximg.com.br/arquivos/ids/27119919/Televisor-SAMSUNG-43-Pulgadas-LED-Uhd-4K-Smart-TV-UN43CU7000KXZL-3399590_a.jpg?v=638786904602170000,https://www.exito.com/televisor-samsung-43-pulgadas-led-uhd-4k-smart-tv-un43cu7000kxzl-3126659/p,1,2025-09-25T14:57:41,OK
49,49,Televisor  CAIXUN 40 pulgadas LED Fhd Smart TV C40VAFG,CAIXUN,COP 799900,799900,COP,"40""",No tiene Calificacion,0,"Descripción: Lleva a casa fácil y rápido Televisor CAIXUN 40"" pulgadas LED Fhd Smart TV C40VAFG. Encuentra la mejor garantía. Compra seguro en exito.com. Especificaciones: Tamaño de Pantalla: 40"" pulgadas. Resolución de la pantalla: Fhd. Resolución: Fhd. Sistema operativo: Google TV. Tipo de pantalla: LED. Tipo De pantalla: LED. Smart TV: Si. Conexión Wi-fi: Si. Bluetooth: Si. Número De Puertos HDMI: 3. Número De Puertos USB: 2. Potencia de Audio: 8 Watts x 2 CH. Procesador: ARM CA53 Quad Core. Garantía: 2 AÑOS. Peso: 5.35 kg. Ancho: 89.18 cm. Alto: 57.28 cm. Profundidad: 23.77 cm. Modelo: C40VAFG. Referencia: C40VAFG",exito.com,televisores,https://exitocol.vteximg.com.br/arquivos/ids/27119873/Televisor-CAIXUN-40-Pulgadas-LED-Fhd-Smart-TV-LED-2023-3396454_a.jpg?v=638786904367530000,https://www.exito.com/televisor-caixun-40-pulgadas-led-fhd-smart-tv-led-2023-3126023/p,1,2025-09-25T14:57:41,OK
50,50,Televisor SAMSUNG 32 pulgadas LED Hd Smart TV UN32T4300,SAMSUNG,COP 1064900,1064900,COP,"32""",No tiene Calificacion,0,"Descripción: Lleva a casa fácil y rápido Televisor SAMSUNG 32"" pulgadas LED Hd Smart TV UN32T4300. Encuentra la mejor garantía. Compra seguro en exito.com. Especificaciones: Tamaño de Pantalla: 32"" pulgadas. Resolución de la pantalla: Hd. Resolución: Hd. Sistema operativo: Tizen. Tipo de pantalla: LED. Tipo De pantalla: LED. Smart TV: Si. Conexión Wi-fi: Si. Número De Puertos HDMI: 2. Número De Puertos USB: 1. Potencia de Audio: 10W. Procesador: Hiperreal. Garantía: 1 año. Peso: 4 kg. Ancho: 73.74 cm. Alto: 43.8 cm. Profundidad: 7.41 cm. Modelo: UN32T4300. Referencia: UN32T4300A",exito.com,televisores,https://exitocol.vteximg.com.br/arquivos/ids/27116682/Televisor-LED-Samsung-32-pulgadas-81-CM-T4300-HD-Smart-TV-2020-1726998_a.jpg?v=638786888210530000,https://www.exito.com/televisor-led-samsung-32-pulgadas-81-cm-t4300-hd-smart-tv-2020-44488/p,1,2025-09-25T14:57:41,OK
